-- MySQL dump 10.16  Distrib 10.2.12-MariaDB, for Linux (x86_64)
--
-- Host: localhost    Database: cakephp
-- ------------------------------------------------------
-- Server version	10.2.12-MariaDB

/*!40101 SET @OLD_CHARACTER_SET_CLIENT=@@CHARACTER_SET_CLIENT */;
/*!40101 SET @OLD_CHARACTER_SET_RESULTS=@@CHARACTER_SET_RESULTS */;
/*!40101 SET @OLD_COLLATION_CONNECTION=@@COLLATION_CONNECTION */;
/*!40101 SET NAMES utf8 */;
/*!40103 SET @OLD_TIME_ZONE=@@TIME_ZONE */;
/*!40103 SET TIME_ZONE='+00:00' */;
/*!40014 SET @OLD_UNIQUE_CHECKS=@@UNIQUE_CHECKS, UNIQUE_CHECKS=0 */;
/*!40014 SET @OLD_FOREIGN_KEY_CHECKS=@@FOREIGN_KEY_CHECKS, FOREIGN_KEY_CHECKS=0 */;
/*!40101 SET @OLD_SQL_MODE=@@SQL_MODE, SQL_MODE='NO_AUTO_VALUE_ON_ZERO' */;
/*!40111 SET @OLD_SQL_NOTES=@@SQL_NOTES, SQL_NOTES=0 */;

--
-- Table structure for table `acl_phinxlog`
--

DROP TABLE IF EXISTS `acl_phinxlog`;
/*!40101 SET @saved_cs_client     = @@character_set_client */;
/*!40101 SET character_set_client = utf8 */;
CREATE TABLE `acl_phinxlog` (
  `version` bigint(20) NOT NULL,
  `migration_name` varchar(100) DEFAULT NULL,
  `start_time` timestamp NULL DEFAULT NULL,
  `end_time` timestamp NULL DEFAULT NULL,
  `breakpoint` tinyint(1) NOT NULL DEFAULT 0,
  PRIMARY KEY (`version`)
) ENGINE=InnoDB DEFAULT CHARSET=utf8;
/*!40101 SET character_set_client = @saved_cs_client */;

--
-- Dumping data for table `acl_phinxlog`
--

LOCK TABLES `acl_phinxlog` WRITE;
/*!40000 ALTER TABLE `acl_phinxlog` DISABLE KEYS */;
INSERT INTO `acl_phinxlog` VALUES (20141229162641,'CakePhpDbAcl','2018-03-07 06:25:43','2018-03-07 06:25:43',0);
/*!40000 ALTER TABLE `acl_phinxlog` ENABLE KEYS */;
UNLOCK TABLES;

--
-- Table structure for table `acos`
--

DROP TABLE IF EXISTS `acos`;
/*!40101 SET @saved_cs_client     = @@character_set_client */;
/*!40101 SET character_set_client = utf8 */;
CREATE TABLE `acos` (
  `id` int(11) NOT NULL AUTO_INCREMENT,
  `parent_id` int(11) DEFAULT NULL,
  `model` varchar(255) DEFAULT NULL,
  `foreign_key` int(11) DEFAULT NULL,
  `alias` varchar(255) DEFAULT NULL,
  `lft` int(11) DEFAULT NULL,
  `rght` int(11) DEFAULT NULL,
  PRIMARY KEY (`id`),
  KEY `lft` (`lft`,`rght`),
  KEY `alias` (`alias`)
) ENGINE=InnoDB AUTO_INCREMENT=9 DEFAULT CHARSET=utf8;
/*!40101 SET character_set_client = @saved_cs_client */;

--
-- Dumping data for table `acos`
--

LOCK TABLES `acos` WRITE;
/*!40000 ALTER TABLE `acos` DISABLE KEYS */;
INSERT INTO `acos` VALUES (1,NULL,NULL,NULL,'controllers',1,14),(2,1,NULL,NULL,'Articles',2,13),(3,2,NULL,NULL,'index',3,4),(4,2,NULL,NULL,'view',5,6),(5,2,NULL,NULL,'add',7,8),(6,2,NULL,NULL,'edit',9,10),(7,2,NULL,NULL,'delete',11,12),(8,NULL,'Articles',1,NULL,15,16);
/*!40000 ALTER TABLE `acos` ENABLE KEYS */;
UNLOCK TABLES;

--
-- Table structure for table `aros`
--

DROP TABLE IF EXISTS `aros`;
/*!40101 SET @saved_cs_client     = @@character_set_client */;
/*!40101 SET character_set_client = utf8 */;
CREATE TABLE `aros` (
  `id` int(11) NOT NULL AUTO_INCREMENT,
  `parent_id` int(11) DEFAULT NULL,
  `model` varchar(255) DEFAULT NULL,
  `foreign_key` char(36) DEFAULT NULL,
  `alias` varchar(255) DEFAULT NULL,
  `lft` int(11) DEFAULT NULL,
  `rght` int(11) DEFAULT NULL,
  PRIMARY KEY (`id`),
  KEY `lft` (`lft`,`rght`),
  KEY `alias` (`alias`)
) ENGINE=InnoDB AUTO_INCREMENT=6 DEFAULT CHARSET=utf8;
/*!40101 SET character_set_client = @saved_cs_client */;

--
-- Dumping data for table `aros`
--

LOCK TABLES `aros` WRITE;
/*!40000 ALTER TABLE `aros` DISABLE KEYS */;
INSERT INTO `aros` VALUES (1,NULL,'Roles','80687266-6761-43a2-bd98-f42349a9bb63',NULL,1,4),(2,NULL,'Roles','5197c80d-2d30-4225-a757-b31592c9e0f0',NULL,5,6),(3,NULL,'Roles','e687cb91-4cdf-4ab2-992f-e76584199c2e',NULL,7,10),(4,1,'MyUsers','a51e5518-c666-40ca-92db-f27202c07160',NULL,2,3),(5,3,'MyUsers','394e7d5f-ed21-4201-a53a-7a9d3a70f66b',NULL,8,9);
/*!40000 ALTER TABLE `aros` ENABLE KEYS */;
UNLOCK TABLES;

--
-- Table structure for table `aros_acos`
--

DROP TABLE IF EXISTS `aros_acos`;
/*!40101 SET @saved_cs_client     = @@character_set_client */;
/*!40101 SET character_set_client = utf8 */;
CREATE TABLE `aros_acos` (
  `id` int(11) NOT NULL AUTO_INCREMENT,
  `aro_id` int(11) NOT NULL,
  `aco_id` int(11) NOT NULL,
  `_create` varchar(2) NOT NULL DEFAULT '0',
  `_read` varchar(2) NOT NULL DEFAULT '0',
  `_update` varchar(2) NOT NULL DEFAULT '0',
  `_delete` varchar(2) NOT NULL DEFAULT '0',
  PRIMARY KEY (`id`),
  UNIQUE KEY `aro_id` (`aro_id`,`aco_id`),
  KEY `aco_id` (`aco_id`)
) ENGINE=InnoDB AUTO_INCREMENT=6 DEFAULT CHARSET=utf8;
/*!40101 SET character_set_client = @saved_cs_client */;

--
-- Dumping data for table `aros_acos`
--

LOCK TABLES `aros_acos` WRITE;
/*!40000 ALTER TABLE `aros_acos` DISABLE KEYS */;
INSERT INTO `aros_acos` VALUES (1,1,5,'1','1','1','1'),(2,3,4,'1','1','1','1'),(3,1,3,'1','1','1','1'),(4,2,3,'1','1','1','1'),(5,3,3,'1','1','1','1');
/*!40000 ALTER TABLE `aros_acos` ENABLE KEYS */;
UNLOCK TABLES;

--
-- Table structure for table `cake_d_c_users_phinxlog`
--

DROP TABLE IF EXISTS `cake_d_c_users_phinxlog`;
/*!40101 SET @saved_cs_client     = @@character_set_client */;
/*!40101 SET character_set_client = utf8 */;
CREATE TABLE `cake_d_c_users_phinxlog` (
  `version` bigint(20) NOT NULL,
  `migration_name` varchar(100) DEFAULT NULL,
  `start_time` timestamp NULL DEFAULT NULL,
  `end_time` timestamp NULL DEFAULT NULL,
  `breakpoint` tinyint(1) NOT NULL DEFAULT 0,
  PRIMARY KEY (`version`)
) ENGINE=InnoDB DEFAULT CHARSET=utf8;
/*!40101 SET character_set_client = @saved_cs_client */;

--
-- Dumping data for table `cake_d_c_users_phinxlog`
--

LOCK TABLES `cake_d_c_users_phinxlog` WRITE;
/*!40000 ALTER TABLE `cake_d_c_users_phinxlog` DISABLE KEYS */;
INSERT INTO `cake_d_c_users_phinxlog` VALUES (20150513201111,'Initial','2018-03-07 06:25:36','2018-03-07 06:25:36',0),(20161031101316,'AddSecretToUsers','2018-03-07 06:25:36','2018-03-07 06:25:36',0);
/*!40000 ALTER TABLE `cake_d_c_users_phinxlog` ENABLE KEYS */;
UNLOCK TABLES;

--
-- Table structure for table `roles`
--

DROP TABLE IF EXISTS `roles`;
/*!40101 SET @saved_cs_client     = @@character_set_client */;
/*!40101 SET character_set_client = utf8 */;
CREATE TABLE `roles` (
  `id` char(36) NOT NULL,
  `name` char(120) NOT NULL,
  `created` datetime DEFAULT NULL,
  `modified` datetime DEFAULT NULL,
  PRIMARY KEY (`id`)
) ENGINE=InnoDB DEFAULT CHARSET=utf8mb4;
/*!40101 SET character_set_client = @saved_cs_client */;

--
-- Dumping data for table `roles`
--

LOCK TABLES `roles` WRITE;
/*!40000 ALTER TABLE `roles` DISABLE KEYS */;
INSERT INTO `roles` VALUES ('5197c80d-2d30-4225-a757-b31592c9e0f0','Editor','2018-03-07 00:27:41','2018-03-07 00:27:41'),('80687266-6761-43a2-bd98-f42349a9bb63','Author','2018-03-07 00:27:30','2018-03-07 00:27:30'),('e687cb91-4cdf-4ab2-992f-e76584199c2e','Reader','2018-03-07 00:27:46','2018-03-07 00:27:46');
/*!40000 ALTER TABLE `roles` ENABLE KEYS */;
UNLOCK TABLES;

--
-- Table structure for table `social_accounts`
--

DROP TABLE IF EXISTS `social_accounts`;
/*!40101 SET @saved_cs_client     = @@character_set_client */;
/*!40101 SET character_set_client = utf8 */;
CREATE TABLE `social_accounts` (
  `id` char(36) NOT NULL,
  `user_id` char(36) NOT NULL,
  `provider` varchar(255) NOT NULL,
  `username` varchar(255) DEFAULT NULL,
  `reference` varchar(255) NOT NULL,
  `avatar` varchar(255) DEFAULT NULL,
  `description` text DEFAULT NULL,
  `link` varchar(255) NOT NULL,
  `token` varchar(500) NOT NULL,
  `token_secret` varchar(500) DEFAULT NULL,
  `token_expires` datetime DEFAULT NULL,
  `active` tinyint(1) NOT NULL DEFAULT 1,
  `data` text NOT NULL,
  `created` datetime NOT NULL,
  `modified` datetime NOT NULL,
  PRIMARY KEY (`id`),
  KEY `user_id` (`user_id`),
  CONSTRAINT `social_accounts_ibfk_1` FOREIGN KEY (`user_id`) REFERENCES `users` (`id`) ON DELETE CASCADE ON UPDATE CASCADE
) ENGINE=InnoDB DEFAULT CHARSET=utf8mb4;
/*!40101 SET character_set_client = @saved_cs_client */;

--
-- Dumping data for table `social_accounts`
--

LOCK TABLES `social_accounts` WRITE;
/*!40000 ALTER TABLE `social_accounts` DISABLE KEYS */;
/*!40000 ALTER TABLE `social_accounts` ENABLE KEYS */;
UNLOCK TABLES;

--
-- Table structure for table `users`
--

DROP TABLE IF EXISTS `users`;
/*!40101 SET @saved_cs_client     = @@character_set_client */;
/*!40101 SET character_set_client = utf8 */;
CREATE TABLE `users` (
  `id` char(36) NOT NULL,
  `username` varchar(255) NOT NULL,
  `email` varchar(255) DEFAULT NULL,
  `password` varchar(255) NOT NULL,
  `first_name` varchar(50) DEFAULT NULL,
  `last_name` varchar(50) DEFAULT NULL,
  `token` varchar(255) DEFAULT NULL,
  `token_expires` datetime DEFAULT NULL,
  `api_token` varchar(255) DEFAULT NULL,
  `activation_date` datetime DEFAULT NULL,
  `secret` varchar(32) DEFAULT NULL,
  `secret_verified` tinyint(1) DEFAULT NULL,
  `tos_date` datetime DEFAULT NULL,
  `active` tinyint(1) NOT NULL DEFAULT 0,
  `is_superuser` tinyint(1) NOT NULL DEFAULT 0,
  `role_id` char(36) DEFAULT NULL,
  `created` datetime NOT NULL,
  `modified` datetime NOT NULL,
  PRIMARY KEY (`id`),
  KEY `role_id` (`role_id`),
  CONSTRAINT `users_ibfk_1` FOREIGN KEY (`role_id`) REFERENCES `roles` (`id`)
) ENGINE=InnoDB DEFAULT CHARSET=utf8mb4;
/*!40101 SET character_set_client = @saved_cs_client */;

--
-- Dumping data for table `users`
--

LOCK TABLES `users` WRITE;
/*!40000 ALTER TABLE `users` DISABLE KEYS */;
INSERT INTO `users` VALUES ('394e7d5f-ed21-4201-a53a-7a9d3a70f66b','monitor','enuma@elish.com','$2y$10$ql8hnVyH9VoaFm4uSYM0Fue5ZMabAF6b1PzOcLw1j/8UvwgFFdnSm','','','',NULL,'',NULL,'',0,NULL,1,0,'e687cb91-4cdf-4ab2-992f-e76584199c2e','2018-03-07 00:28:27','2018-03-17 20:48:55'),('86e06920-6035-419d-906f-cc672f90e793','xmfuser','superadmin@example.com','$2y$10$7Nr7lHpeouo.3Swq.mM.3uNu0zjJmyyEGxgTOA1F9UYq7dXSFfyHK',NULL,NULL,NULL,NULL,NULL,NULL,NULL,NULL,NULL,1,1,'5197c80d-2d30-4225-a757-b31592c9e0f0','2018-03-07 00:26:23','2018-03-08 00:03:38'),('a51e5518-c666-40ca-92db-f27202c07160','captura','ambagasdowa@gmail.com','$2y$10$HpFCzlJZ7bOz42UPu2cd.esO5prArctMpxHs2/HR0tMH70uFOYyam','Carlos','Lopez','',NULL,'',NULL,'',0,NULL,1,0,'80687266-6761-43a2-bd98-f42349a9bb63','2018-03-07 00:28:09','2018-03-17 20:50:49');
/*!40000 ALTER TABLE `users` ENABLE KEYS */;
UNLOCK TABLES;

--
-- Table structure for table `xmf_casillas`
--

DROP TABLE IF EXISTS `xmf_casillas`;
/*!40101 SET @saved_cs_client     = @@character_set_client */;
/*!40101 SET character_set_client = utf8 */;
CREATE TABLE `xmf_casillas` (
  `id` int(10) unsigned NOT NULL AUTO_INCREMENT,
  `user_id` char(36) DEFAULT NULL,
  `name` char(50) NOT NULL,
  `description` char(150) NOT NULL,
  `municipio` text DEFAULT NULL,
  `seccion` text DEFAULT NULL,
  `clave_agrupamiento` char(2) DEFAULT NULL,
  `tipo_casilla` text DEFAULT NULL,
  `urbana` text DEFAULT NULL,
  `distrito` text DEFAULT NULL,
  `locacion` text DEFAULT NULL,
  `hora_presencia` time DEFAULT NULL,
  `hora_instalacion` time DEFAULT NULL,
  `hora_inicio` time DEFAULT NULL,
  `hora_cierre` datetime DEFAULT NULL,
  `created` datetime DEFAULT NULL,
  `modified` datetime DEFAULT NULL,
  `lugar_indicado` tinyint(1) DEFAULT NULL,
  `gente_fila` tinyint(1) DEFAULT NULL,
  PRIMARY KEY (`id`),
  UNIQUE KEY `name` (`name`)
) ENGINE=InnoDB AUTO_INCREMENT=292 DEFAULT CHARSET=utf8mb4;
/*!40101 SET character_set_client = @saved_cs_client */;

--
-- Dumping data for table `xmf_casillas`
--

LOCK TABLES `xmf_casillas` WRITE;
/*!40000 ALTER TABLE `xmf_casillas` DISABLE KEYS */;
INSERT INTO `xmf_casillas` VALUES (1,'a51e5518-c666-40ca-92db-f27202c07160','CB-738','CB-738','SOLIDARIDAD','738','IX','BASICA ','URBANA',NULL,NULL,'06:36:09','23:55:00','22:51:00',NULL,NULL,NULL,1,1),(2,NULL,'CC1-738','CC1-738','SOLIDARIDAD','738','IX','CONTIGUA 1','URBANA',NULL,NULL,NULL,NULL,NULL,NULL,NULL,NULL,NULL,NULL),(3,NULL,'CB-739','CB-739','SOLIDARIDAD','739','IX','BASICA ','URBANA',NULL,NULL,NULL,NULL,NULL,NULL,NULL,NULL,NULL,NULL),(4,NULL,'CB-740','CB-740','SOLIDARIDAD','740','IX','BASICA ','URBANA',NULL,NULL,NULL,NULL,NULL,NULL,NULL,NULL,NULL,NULL),(5,NULL,'CC1-740','CC1-740','SOLIDARIDAD','740','IX','CONTIGUA 1','URBANA',NULL,NULL,NULL,NULL,NULL,NULL,NULL,NULL,NULL,NULL),(6,NULL,'CB-741','CB-741','SOLIDARIDAD','741','IX','BASICA ','URBANA',NULL,NULL,NULL,NULL,NULL,NULL,NULL,NULL,NULL,NULL),(7,NULL,'CC1-741','CC1-741','SOLIDARIDAD','741','IX','CONTIGUA 1','URBANA',NULL,NULL,NULL,NULL,NULL,NULL,NULL,NULL,NULL,NULL),(8,NULL,'CB-910','CB-910','SOLIDARIDAD','910','IX','BASICA ','URBANA',NULL,NULL,NULL,NULL,NULL,NULL,NULL,NULL,NULL,NULL),(9,NULL,'CB-914','CB-914','SOLIDARIDAD','914','IX','BASICA ','URBANA',NULL,NULL,NULL,NULL,NULL,NULL,NULL,NULL,NULL,NULL),(10,NULL,'CB-915','CB-915','SOLIDARIDAD','915','IX','BASICA ','URBANA',NULL,NULL,NULL,NULL,NULL,NULL,NULL,NULL,NULL,NULL),(11,NULL,'CB-907','CB-907','SOLIDARIDAD','907','IX','BASICA ','URBANA',NULL,NULL,NULL,NULL,NULL,NULL,NULL,NULL,NULL,NULL),(12,NULL,'CB-913','CB-913','SOLIDARIDAD','913','IX','BASICA ','URBANA',NULL,NULL,NULL,NULL,NULL,NULL,NULL,NULL,NULL,NULL),(13,NULL,'CB-916','CB-916','SOLIDARIDAD','916','IX','BASICA ','URBANA',NULL,NULL,NULL,NULL,NULL,NULL,NULL,NULL,NULL,NULL),(14,NULL,'CB-917','CB-917','SOLIDARIDAD','917','IX','BASICA ','URBANA',NULL,NULL,NULL,NULL,NULL,NULL,NULL,NULL,NULL,NULL),(15,NULL,'CB-918','CB-918','SOLIDARIDAD','918','IX','BASICA ','URBANA',NULL,NULL,NULL,NULL,NULL,NULL,NULL,NULL,NULL,NULL),(16,NULL,'CB-919','CB-919','SOLIDARIDAD','919','IX','BASICA ','URBANA',NULL,NULL,NULL,NULL,NULL,NULL,NULL,NULL,NULL,NULL),(17,NULL,'CB-920','CB-920','SOLIDARIDAD','920','IX','BASICA ','URBANA',NULL,NULL,NULL,NULL,NULL,NULL,NULL,NULL,NULL,NULL),(18,NULL,'CE1-920','CE1-920','SOLIDARIDAD','920','IX','ESPECIAL 1','URBANA',NULL,NULL,NULL,NULL,NULL,NULL,NULL,NULL,NULL,NULL),(19,NULL,'CB-921','CB-921','SOLIDARIDAD','921','IX','BASICA ','URBANA',NULL,NULL,NULL,NULL,NULL,NULL,NULL,NULL,NULL,NULL),(20,NULL,'CB-922','CB-922','SOLIDARIDAD','922','IX','BASICA ','URBANA',NULL,NULL,NULL,NULL,NULL,NULL,NULL,NULL,NULL,NULL),(21,NULL,'CB-734','CB-734','SOLIDARIDAD','734','IX','BASICA ','URBANA',NULL,NULL,NULL,NULL,NULL,NULL,NULL,NULL,NULL,NULL),(22,NULL,'CB-735','CB-735','SOLIDARIDAD','735','IX','BASICA ','URBANA',NULL,NULL,NULL,NULL,NULL,NULL,NULL,NULL,NULL,NULL),(23,NULL,'CB-736','CB-736','SOLIDARIDAD','736','IX','BASICA ','URBANA',NULL,NULL,NULL,NULL,NULL,NULL,NULL,NULL,NULL,NULL),(24,NULL,'CC1-736','CC1-736','SOLIDARIDAD','736','IX','CONTIGUA 1','URBANA',NULL,NULL,NULL,NULL,NULL,NULL,NULL,NULL,NULL,NULL),(25,NULL,'CB-898','CB-898','SOLIDARIDAD','898','IX','BASICA ','URBANA',NULL,NULL,NULL,NULL,NULL,NULL,NULL,NULL,NULL,NULL),(26,NULL,'CB-901','CB-901','SOLIDARIDAD','901','IX','BASICA ','URBANA',NULL,NULL,NULL,NULL,NULL,NULL,NULL,NULL,NULL,NULL),(27,NULL,'CB-904','CB-904','SOLIDARIDAD','904','IX','BASICA ','URBANA',NULL,NULL,NULL,NULL,NULL,NULL,NULL,NULL,NULL,NULL),(28,NULL,'CB-906','CB-906','SOLIDARIDAD','906','IX','BASICA ','URBANA',NULL,NULL,NULL,NULL,NULL,NULL,NULL,NULL,NULL,NULL),(29,NULL,'CB-909','CB-909','SOLIDARIDAD','909','IX','BASICA ','URBANA',NULL,NULL,NULL,NULL,NULL,NULL,NULL,NULL,NULL,NULL),(30,NULL,'CB-912','CB-912','SOLIDARIDAD','912','IX','BASICA ','URBANA',NULL,NULL,NULL,NULL,NULL,NULL,NULL,NULL,NULL,NULL),(31,NULL,'CB-888','CB-888','SOLIDARIDAD','888','IX','BASICA ','URBANA',NULL,NULL,NULL,NULL,NULL,NULL,NULL,NULL,NULL,NULL),(32,NULL,'CC1-888','CC1-888','SOLIDARIDAD','888','IX','CONTIGUA 1','URBANA',NULL,NULL,NULL,NULL,NULL,NULL,NULL,NULL,NULL,NULL),(33,NULL,'CB-891','CB-891','SOLIDARIDAD','891','IX','BASICA ','URBANA',NULL,NULL,NULL,NULL,NULL,NULL,NULL,NULL,NULL,NULL),(34,NULL,'CB-892','CB-892','SOLIDARIDAD','892','IX','BASICA ','URBANA',NULL,NULL,NULL,NULL,NULL,NULL,NULL,NULL,NULL,NULL),(35,NULL,'CC1-892','CC1-892','SOLIDARIDAD','892','IX','CONTIGUA 1','URBANA',NULL,NULL,NULL,NULL,NULL,NULL,NULL,NULL,NULL,NULL),(36,NULL,'CB-893','CB-893','SOLIDARIDAD','893','IX','BASICA ','URBANA',NULL,NULL,NULL,NULL,NULL,NULL,NULL,NULL,NULL,NULL),(37,NULL,'CB-895','CB-895','SOLIDARIDAD','895','IX','BASICA ','URBANA',NULL,NULL,NULL,NULL,NULL,NULL,NULL,NULL,NULL,NULL),(38,NULL,'CB-897','CB-897','SOLIDARIDAD','897','IX','BASICA ','URBANA',NULL,NULL,NULL,NULL,NULL,NULL,NULL,NULL,NULL,NULL),(39,NULL,'CB-899','CB-899','SOLIDARIDAD','899','IX','BASICA ','URBANA',NULL,NULL,NULL,NULL,NULL,NULL,NULL,NULL,NULL,NULL),(40,NULL,'CB-902','CB-902','SOLIDARIDAD','902','IX','BASICA ','URBANA',NULL,NULL,NULL,NULL,NULL,NULL,NULL,NULL,NULL,NULL),(41,NULL,'CB-733','CB-733','SOLIDARIDAD','733','IX','BASICA ','URBANA',NULL,NULL,NULL,NULL,NULL,NULL,NULL,NULL,NULL,NULL),(42,NULL,'CC1-733','CC1-733','SOLIDARIDAD','733','IX','CONTIGUA 1','URBANA',NULL,NULL,NULL,NULL,NULL,NULL,NULL,NULL,NULL,NULL),(43,NULL,'CB-881','CB-881','SOLIDARIDAD','881','IX','BASICA ','URBANA',NULL,NULL,NULL,NULL,NULL,NULL,NULL,NULL,NULL,NULL),(44,NULL,'CC1-881','CC1-881','SOLIDARIDAD','881','IX','CONTIGUA 1','URBANA',NULL,NULL,NULL,NULL,NULL,NULL,NULL,NULL,NULL,NULL),(45,NULL,'CB-883','CB-883','SOLIDARIDAD','883','IX','BASICA ','URBANA',NULL,NULL,NULL,NULL,NULL,NULL,NULL,NULL,NULL,NULL),(46,NULL,'CC1-883','CC1-883','SOLIDARIDAD','883','IX','CONTIGUA 1','URBANA',NULL,NULL,NULL,NULL,NULL,NULL,NULL,NULL,NULL,NULL),(47,NULL,'CB-889','CB-889','SOLIDARIDAD','889','IX','BASICA ','URBANA',NULL,NULL,NULL,NULL,NULL,NULL,NULL,NULL,NULL,NULL),(48,NULL,'CC1-889','CC1-889','SOLIDARIDAD','889','IX','CONTIGUA 1','URBANA',NULL,NULL,NULL,NULL,NULL,NULL,NULL,NULL,NULL,NULL),(49,NULL,'CB-890','CB-890','SOLIDARIDAD','890','IX','BASICA ','URBANA',NULL,NULL,NULL,NULL,NULL,NULL,NULL,NULL,NULL,NULL),(50,NULL,'CC1-890','CC1-890','SOLIDARIDAD','890','IX','CONTIGUA 1','URBANA',NULL,NULL,NULL,NULL,NULL,NULL,NULL,NULL,NULL,NULL),(51,NULL,'CB-878','CB-878','SOLIDARIDAD','878','IX','BASICA ','URBANA',NULL,NULL,NULL,NULL,NULL,NULL,NULL,NULL,NULL,NULL),(52,NULL,'CB-880','CB-880','SOLIDARIDAD','880','IX','BASICA ','URBANA',NULL,NULL,NULL,NULL,NULL,NULL,NULL,NULL,NULL,NULL),(53,NULL,'CC1-880','CC1-880','SOLIDARIDAD','880','IX','CONTIGUA 1','URBANA',NULL,NULL,NULL,NULL,NULL,NULL,NULL,NULL,NULL,NULL),(54,NULL,'CB-882','CB-882','SOLIDARIDAD','882','IX','BASICA ','URBANA',NULL,NULL,NULL,NULL,NULL,NULL,NULL,NULL,NULL,NULL),(55,NULL,'CC1-882','CC1-882','SOLIDARIDAD','882','IX','CONTIGUA 1','URBANA',NULL,NULL,NULL,NULL,NULL,NULL,NULL,NULL,NULL,NULL),(56,NULL,'CB-884','CB-884','SOLIDARIDAD','884','IX','BASICA ','URBANA',NULL,NULL,NULL,NULL,NULL,NULL,NULL,NULL,NULL,NULL),(57,NULL,'CC1-884','CC1-884','SOLIDARIDAD','884','IX','CONTIGUA 1','URBANA',NULL,NULL,NULL,NULL,NULL,NULL,NULL,NULL,NULL,NULL),(58,NULL,'CB-885','CB-885','SOLIDARIDAD','885','IX','BASICA ','URBANA',NULL,NULL,NULL,NULL,NULL,NULL,NULL,NULL,NULL,NULL),(59,NULL,'CB-886','CB-886','SOLIDARIDAD','886','IX','BASICA ','URBANA',NULL,NULL,NULL,NULL,NULL,NULL,NULL,NULL,NULL,NULL),(60,NULL,'CB-887','CB-887','SOLIDARIDAD','887','IX','BASICA ','URBANA',NULL,NULL,NULL,NULL,NULL,NULL,NULL,NULL,NULL,NULL),(61,NULL,'CB-875','CB-875','SOLIDARIDAD','875','IX','BASICA ','NO URBANA',NULL,NULL,NULL,NULL,NULL,NULL,NULL,NULL,NULL,NULL),(62,NULL,'CC1-875','CC1-875','SOLIDARIDAD','875','IX','CONTIGUA 1','NO URBANA',NULL,NULL,NULL,NULL,NULL,NULL,NULL,NULL,NULL,NULL),(63,NULL,'CC2-875','CC2-875','SOLIDARIDAD','875','IX','CONTIGUA 2','NO URBANA',NULL,NULL,NULL,NULL,NULL,NULL,NULL,NULL,NULL,NULL),(64,NULL,'CC3-875','CC3-875','SOLIDARIDAD','875','IX','CONTIGUA 3','NO URBANA',NULL,NULL,NULL,NULL,NULL,NULL,NULL,NULL,NULL,NULL),(65,NULL,'CC4-875','CC4-875','SOLIDARIDAD','875','IX','CONTIGUA 4','NO URBANA',NULL,NULL,NULL,NULL,NULL,NULL,NULL,NULL,NULL,NULL),(66,NULL,'CC5-875','CC5-875','SOLIDARIDAD','875','IX','CONTIGUA 5','NO URBANA',NULL,NULL,NULL,NULL,NULL,NULL,NULL,NULL,NULL,NULL),(67,NULL,'CC6-875','CC6-875','SOLIDARIDAD','875','IX','CONTIGUA 6','NO URBANA',NULL,NULL,NULL,NULL,NULL,NULL,NULL,NULL,NULL,NULL),(68,NULL,'CC7-875','CC7-875','SOLIDARIDAD','875','IX','CONTIGUA 7','NO URBANA',NULL,NULL,NULL,NULL,NULL,NULL,NULL,NULL,NULL,NULL),(69,NULL,'CC8-875','CC8-875','SOLIDARIDAD','875','IX','CONTIGUA 8','NO URBANA',NULL,NULL,NULL,NULL,NULL,NULL,NULL,NULL,NULL,NULL),(70,NULL,'CC9-875','CC9-875','SOLIDARIDAD','875','IX','CONTIGUA 9','NO URBANA',NULL,NULL,NULL,NULL,NULL,NULL,NULL,NULL,NULL,NULL),(71,NULL,'CB-874','CB-874','SOLIDARIDAD','874','IX','BASICA ','NO URBANA',NULL,NULL,NULL,NULL,NULL,NULL,NULL,NULL,NULL,NULL),(72,NULL,'CC1-874','CC1-874','SOLIDARIDAD','874','IX','CONTIGUA 1','NO URBANA',NULL,NULL,NULL,NULL,NULL,NULL,NULL,NULL,NULL,NULL),(73,NULL,'CC2-874','CC2-874','SOLIDARIDAD','874','IX','CONTIGUA 2','NO URBANA',NULL,NULL,NULL,NULL,NULL,NULL,NULL,NULL,NULL,NULL),(74,NULL,'CC3-874','CC3-874','SOLIDARIDAD','874','IX','CONTIGUA 3','NO URBANA',NULL,NULL,NULL,NULL,NULL,NULL,NULL,NULL,NULL,NULL),(75,NULL,'CC4-874','CC4-874','SOLIDARIDAD','874','IX','CONTIGUA 4','NO URBANA',NULL,NULL,NULL,NULL,NULL,NULL,NULL,NULL,NULL,NULL),(76,NULL,'CB-742','CB-742','SOLIDARIDAD','742','IX','BASICA ','NO URBANA',NULL,NULL,NULL,NULL,NULL,NULL,NULL,NULL,NULL,NULL),(77,NULL,'CB-766','CB-766','SOLIDARIDAD','766','IX','BASICA ','NO URBANA',NULL,NULL,NULL,NULL,NULL,NULL,NULL,NULL,NULL,NULL),(78,NULL,'CC5-874','CC5-874','SOLIDARIDAD','874','IX','CONTIGUA 5','NO URBANA',NULL,NULL,NULL,NULL,NULL,NULL,NULL,NULL,NULL,NULL),(79,NULL,'CC6-874','CC6-874','SOLIDARIDAD','874','IX','CONTIGUA 6','NO URBANA',NULL,NULL,NULL,NULL,NULL,NULL,NULL,NULL,NULL,NULL),(80,NULL,'CC10-875','CC10-875','SOLIDARIDAD','875','IX','CONTIGUA 10','NO URBANA',NULL,NULL,NULL,NULL,NULL,NULL,NULL,NULL,NULL,NULL),(81,NULL,'CB-876','CB-876','SOLIDARIDAD','876','IX','BASICA ','URBANA',NULL,NULL,NULL,NULL,NULL,NULL,NULL,NULL,NULL,NULL),(82,NULL,'CC1-876','CC1-876','SOLIDARIDAD','876','IX','CONTIGUA 1','URBANA',NULL,NULL,NULL,NULL,NULL,NULL,NULL,NULL,NULL,NULL),(83,NULL,'CC2-876','CC2-876','SOLIDARIDAD','876','IX','CONTIGUA 2','URBANA',NULL,NULL,NULL,NULL,NULL,NULL,NULL,NULL,NULL,NULL),(84,NULL,'CC3-876','CC3-876','SOLIDARIDAD','876','IX','CONTIGUA 3','URBANA',NULL,NULL,NULL,NULL,NULL,NULL,NULL,NULL,NULL,NULL),(85,NULL,'CC4-876','CC4-876','SOLIDARIDAD','876','IX','CONTIGUA 4','URBANA',NULL,NULL,NULL,NULL,NULL,NULL,NULL,NULL,NULL,NULL),(86,NULL,'CB-877','CB-877','SOLIDARIDAD','877','IX','BASICA ','URBANA',NULL,NULL,NULL,NULL,NULL,NULL,NULL,NULL,NULL,NULL),(87,NULL,'CC1-877','CC1-877','SOLIDARIDAD','877','IX','CONTIGUA 1','URBANA',NULL,NULL,NULL,NULL,NULL,NULL,NULL,NULL,NULL,NULL),(88,NULL,'CC1-878','CC1-878','SOLIDARIDAD','878','IX','CONTIGUA 1','URBANA',NULL,NULL,NULL,NULL,NULL,NULL,NULL,NULL,NULL,NULL),(89,NULL,'CB-879','CB-879','SOLIDARIDAD','879','IX','BASICA ','URBANA',NULL,NULL,NULL,NULL,NULL,NULL,NULL,NULL,NULL,NULL),(90,NULL,'CC1-879','CC1-879','SOLIDARIDAD','879','IX','CONTIGUA 1','URBANA',NULL,NULL,NULL,NULL,NULL,NULL,NULL,NULL,NULL,NULL),(91,NULL,'CE1-206','CE1-206','SOLIDARIDAD','206','IX','ESPECIAL 1','URBANA',NULL,NULL,NULL,NULL,NULL,NULL,NULL,NULL,NULL,NULL),(92,NULL,'CB-761','CB-761','SOLIDARIDAD','761','IX','BASICA ','URBANA',NULL,NULL,NULL,NULL,NULL,NULL,NULL,NULL,NULL,NULL),(93,NULL,'CB-762','CB-762','SOLIDARIDAD','762','IX','BASICA ','URBANA',NULL,NULL,NULL,NULL,NULL,NULL,NULL,NULL,NULL,NULL),(94,NULL,'CC1-762','CC1-762','SOLIDARIDAD','762','IX','CONTIGUA 1','URBANA',NULL,NULL,NULL,NULL,NULL,NULL,NULL,NULL,NULL,NULL),(95,NULL,'CB-763','CB-763','SOLIDARIDAD','763','IX','BASICA ','URBANA',NULL,NULL,NULL,NULL,NULL,NULL,NULL,NULL,NULL,NULL),(96,NULL,'CE1-763','CE1-763','SOLIDARIDAD','763','IX','ESPECIAL 1','URBANA',NULL,NULL,NULL,NULL,NULL,NULL,NULL,NULL,NULL,NULL),(97,NULL,'CB-764','CB-764','SOLIDARIDAD','764','IX','BASICA ','URBANA',NULL,NULL,NULL,NULL,NULL,NULL,NULL,NULL,NULL,NULL),(98,NULL,'CC1-764','CC1-764','SOLIDARIDAD','764','IX','CONTIGUA 1','URBANA',NULL,NULL,NULL,NULL,NULL,NULL,NULL,NULL,NULL,NULL),(99,NULL,'CB-765','CB-765','SOLIDARIDAD','765','IX','BASICA ','URBANA',NULL,NULL,NULL,NULL,NULL,NULL,NULL,NULL,NULL,NULL),(100,NULL,'CC1-765','CC1-765','SOLIDARIDAD','765','IX','CONTIGUA 1','URBANA',NULL,NULL,NULL,NULL,NULL,NULL,NULL,NULL,NULL,NULL),(101,NULL,'CB-747','CB-747','SOLIDARIDAD','747','IX','BASICA ','URBANA',NULL,NULL,NULL,NULL,NULL,NULL,NULL,NULL,NULL,NULL),(102,NULL,'CB-748','CB-748','SOLIDARIDAD','748','IX','BASICA ','URBANA',NULL,NULL,NULL,NULL,NULL,NULL,NULL,NULL,NULL,NULL),(103,NULL,'CB-752','CB-752','SOLIDARIDAD','752','IX','BASICA ','URBANA',NULL,NULL,NULL,NULL,NULL,NULL,NULL,NULL,NULL,NULL),(104,NULL,'CB-753','CB-753','SOLIDARIDAD','753','IX','BASICA ','URBANA',NULL,NULL,NULL,NULL,NULL,NULL,NULL,NULL,NULL,NULL),(105,NULL,'CB-754','CB-754','SOLIDARIDAD','754','IX','BASICA ','URBANA',NULL,NULL,NULL,NULL,NULL,NULL,NULL,NULL,NULL,NULL),(106,NULL,'CB-755','CB-755','SOLIDARIDAD','755','IX','BASICA ','URBANA',NULL,NULL,NULL,NULL,NULL,NULL,NULL,NULL,NULL,NULL),(107,NULL,'CB-758','CB-758','SOLIDARIDAD','758','IX','BASICA ','URBANA',NULL,NULL,NULL,NULL,NULL,NULL,NULL,NULL,NULL,NULL),(108,NULL,'CB-759','CB-759','SOLIDARIDAD','759','IX','BASICA ','URBANA',NULL,NULL,NULL,NULL,NULL,NULL,NULL,NULL,NULL,NULL),(109,NULL,'CB-760','CB-760','SOLIDARIDAD','760','IX','BASICA ','URBANA',NULL,NULL,NULL,NULL,NULL,NULL,NULL,NULL,NULL,NULL),(110,NULL,'CB-746','CB-746','SOLIDARIDAD','746','IX','BASICA ','URBANA',NULL,NULL,NULL,NULL,NULL,NULL,NULL,NULL,NULL,NULL),(111,NULL,'CB-206','CB-206','SOLIDARIDAD','206','IX','BASICA ','URBANA',NULL,NULL,NULL,NULL,NULL,NULL,NULL,NULL,NULL,NULL),(112,NULL,'CC1-206','CC1-206','SOLIDARIDAD','206','IX','CONTIGUA 1','URBANA',NULL,NULL,NULL,NULL,NULL,NULL,NULL,NULL,NULL,NULL),(113,NULL,'CC2-206','CC2-206','SOLIDARIDAD','206','IX','CONTIGUA 2','URBANA',NULL,NULL,NULL,NULL,NULL,NULL,NULL,NULL,NULL,NULL),(114,NULL,'CC3-206','CC3-206','SOLIDARIDAD','206','IX','CONTIGUA 3','URBANA',NULL,NULL,NULL,NULL,NULL,NULL,NULL,NULL,NULL,NULL),(115,NULL,'CC4-206','CC4-206','SOLIDARIDAD','206','IX','CONTIGUA 4','URBANA',NULL,NULL,NULL,NULL,NULL,NULL,NULL,NULL,NULL,NULL),(116,NULL,'CC5-206','CC5-206','SOLIDARIDAD','206','IX','CONTIGUA 5','URBANA',NULL,NULL,NULL,NULL,NULL,NULL,NULL,NULL,NULL,NULL),(117,NULL,'CC6-206','CC6-206','SOLIDARIDAD','206','IX','CONTIGUA 6','URBANA',NULL,NULL,NULL,NULL,NULL,NULL,NULL,NULL,NULL,NULL),(118,NULL,'CC7-206','CC7-206','SOLIDARIDAD','206','IX','CONTIGUA 7','URBANA',NULL,NULL,NULL,NULL,NULL,NULL,NULL,NULL,NULL,NULL),(119,NULL,'CC8-206','CC8-206','SOLIDARIDAD','206','IX','CONTIGUA 8','URBANA',NULL,NULL,NULL,NULL,NULL,NULL,NULL,NULL,NULL,NULL),(120,NULL,'CC9-206','CC9-206','SOLIDARIDAD','206','IX','CONTIGUA 9','URBANA',NULL,NULL,NULL,NULL,NULL,NULL,NULL,NULL,NULL,NULL),(121,NULL,'CC10-206','CC10-206','SOLIDARIDAD','206','IX','CONTIGUA 10','URBANA',NULL,NULL,NULL,NULL,NULL,NULL,NULL,NULL,NULL,NULL),(122,NULL,'CC11-206','CC11-206','SOLIDARIDAD','206','IX','CONTIGUA 11','URBANA',NULL,NULL,NULL,NULL,NULL,NULL,NULL,NULL,NULL,NULL),(123,NULL,'CC12-206','CC12-206','SOLIDARIDAD','206','IX','CONTIGUA 12','URBANA',NULL,NULL,NULL,NULL,NULL,NULL,NULL,NULL,NULL,NULL),(124,NULL,'CC13-206','CC13-206','SOLIDARIDAD','206','IX','CONTIGUA 13','URBANA',NULL,NULL,NULL,NULL,NULL,NULL,NULL,NULL,NULL,NULL),(125,NULL,'CC14-206','CC14-206','SOLIDARIDAD','206','IX','CONTIGUA 14','URBANA',NULL,NULL,NULL,NULL,NULL,NULL,NULL,NULL,NULL,NULL),(126,NULL,'CB-749','CB-749','SOLIDARIDAD','749','IX','BASICA ','URBANA',NULL,NULL,NULL,NULL,NULL,NULL,NULL,NULL,NULL,NULL),(127,NULL,'CB-750','CB-750','SOLIDARIDAD','750','IX','BASICA ','URBANA',NULL,NULL,NULL,NULL,NULL,NULL,NULL,NULL,NULL,NULL),(128,NULL,'CB-751','CB-751','SOLIDARIDAD','751','IX','BASICA ','URBANA',NULL,NULL,NULL,NULL,NULL,NULL,NULL,NULL,NULL,NULL),(129,NULL,'CB-756','CB-756','SOLIDARIDAD','756','IX','BASICA ','URBANA',NULL,NULL,NULL,NULL,NULL,NULL,NULL,NULL,NULL,NULL),(130,NULL,'CB-757','CB-757','SOLIDARIDAD','757','IX','BASICA ','URBANA',NULL,NULL,NULL,NULL,NULL,NULL,NULL,NULL,NULL,NULL),(131,NULL,'CB-744','CB-744','SOLIDARIDAD','744','IX','BASICA ','URBANA',NULL,NULL,NULL,NULL,NULL,NULL,NULL,NULL,NULL,NULL),(132,NULL,'CB-745','CB-745','SOLIDARIDAD','745','IX','BASICA ','URBANA',NULL,NULL,NULL,NULL,NULL,NULL,NULL,NULL,NULL,NULL),(133,NULL,'CB-769','CB-769','SOLIDARIDAD','769','IX','BASICA ','URBANA',NULL,NULL,NULL,NULL,NULL,NULL,NULL,NULL,NULL,NULL),(134,NULL,'CC1-769','CC1-769','SOLIDARIDAD','769','IX','CONTIGUA 1','URBANA',NULL,NULL,NULL,NULL,NULL,NULL,NULL,NULL,NULL,NULL),(135,NULL,'CB-770','CB-770','SOLIDARIDAD','770','IX','BASICA ','URBANA',NULL,NULL,NULL,NULL,NULL,NULL,NULL,NULL,NULL,NULL),(136,NULL,'CC1-770','CC1-770','SOLIDARIDAD','770','IX','CONTIGUA 1','URBANA',NULL,NULL,NULL,NULL,NULL,NULL,NULL,NULL,NULL,NULL),(137,NULL,'CB-771','CB-771','SOLIDARIDAD','771','IX','BASICA ','URBANA',NULL,NULL,NULL,NULL,NULL,NULL,NULL,NULL,NULL,NULL),(138,NULL,'CC1-771','CC1-771','SOLIDARIDAD','771','IX','CONTIGUA 1','URBANA',NULL,NULL,NULL,NULL,NULL,NULL,NULL,NULL,NULL,NULL),(139,NULL,'CB-894','CB-894','SOLIDARIDAD','894','IX','BASICA ','URBANA',NULL,NULL,NULL,NULL,NULL,NULL,NULL,NULL,NULL,NULL),(140,NULL,'CB-896','CB-896','SOLIDARIDAD','896','IX','BASICA ','URBANA',NULL,NULL,NULL,NULL,NULL,NULL,NULL,NULL,NULL,NULL),(141,NULL,'CB-767','CB-767','SOLIDARIDAD','767','IX','BASICA ','URBANA',NULL,NULL,NULL,NULL,NULL,NULL,NULL,NULL,NULL,NULL),(142,NULL,'CC1-767','CC1-767','SOLIDARIDAD','767','IX','CONTIGUA 1','URBANA',NULL,NULL,NULL,NULL,NULL,NULL,NULL,NULL,NULL,NULL),(143,NULL,'CB-772','CB-772','SOLIDARIDAD','772','IX','BASICA ','NO URBANA',NULL,NULL,NULL,NULL,NULL,NULL,NULL,NULL,NULL,NULL),(144,NULL,'CB-773','CB-773','SOLIDARIDAD','773','IX','BASICA ','NO URBANA',NULL,NULL,NULL,NULL,NULL,NULL,NULL,NULL,NULL,NULL),(145,NULL,'CB-774','CB-774','SOLIDARIDAD','774','IX','BASICA ','NO URBANA',NULL,NULL,NULL,NULL,NULL,NULL,NULL,NULL,NULL,NULL),(146,NULL,'CB-768','CB-768','SOLIDARIDAD','768','IX','BASICA ','NO URBANA',NULL,NULL,NULL,NULL,NULL,NULL,NULL,NULL,NULL,NULL),(147,NULL,'CC1-768','CC1-768','SOLIDARIDAD','768','IX','CONTIGUA 1','NO URBANA',NULL,NULL,NULL,NULL,NULL,NULL,NULL,NULL,NULL,NULL),(148,NULL,'CC2-768','CC2-768','SOLIDARIDAD','768','IX','CONTIGUA 2','NO URBANA',NULL,NULL,NULL,NULL,NULL,NULL,NULL,NULL,NULL,NULL),(149,NULL,'CC3-768','CC3-768','SOLIDARIDAD','768','IX','CONTIGUA 3','NO URBANA',NULL,NULL,NULL,NULL,NULL,NULL,NULL,NULL,NULL,NULL),(150,NULL,'CC4-768','CC4-768','SOLIDARIDAD','768','IX','CONTIGUA 4','NO URBANA',NULL,NULL,NULL,NULL,NULL,NULL,NULL,NULL,NULL,NULL),(151,NULL,'CB-668','CB-668','SOLIDARIDAD','668','X','BASICA ','URBANA',NULL,NULL,NULL,NULL,NULL,NULL,NULL,NULL,NULL,NULL),(152,NULL,'CC1-668','CC1-668','SOLIDARIDAD','668','X','CONTIGUA 1','URBANA',NULL,NULL,NULL,NULL,NULL,NULL,NULL,NULL,NULL,NULL),(153,NULL,'CB-669','CB-669','SOLIDARIDAD','669','X','BASICA ','URBANA',NULL,NULL,NULL,NULL,NULL,NULL,NULL,NULL,NULL,NULL),(154,NULL,'CC1-669','CC1-669','SOLIDARIDAD','669','X','CONTIGUA 1','URBANA',NULL,NULL,NULL,NULL,NULL,NULL,NULL,NULL,NULL,NULL),(155,NULL,'CB-671','CB-671','SOLIDARIDAD','671','X','BASICA ','URBANA',NULL,NULL,NULL,NULL,NULL,NULL,NULL,NULL,NULL,NULL),(156,NULL,'CB-677','CB-677','SOLIDARIDAD','677','X','BASICA ','URBANA',NULL,NULL,NULL,NULL,NULL,NULL,NULL,NULL,NULL,NULL),(157,NULL,'CB-678','CB-678','SOLIDARIDAD','678','X','BASICA ','URBANA',NULL,NULL,NULL,NULL,NULL,NULL,NULL,NULL,NULL,NULL),(158,NULL,'CC1-678','CC1-678','SOLIDARIDAD','678','X','CONTIGUA 1','URBANA',NULL,NULL,NULL,NULL,NULL,NULL,NULL,NULL,NULL,NULL),(159,NULL,'CB-679','CB-679','SOLIDARIDAD','679','X','BASICA ','URBANA',NULL,NULL,NULL,NULL,NULL,NULL,NULL,NULL,NULL,NULL),(160,NULL,'CC1-679','CC1-679','SOLIDARIDAD','679','X','CONTIGUA 1','URBANA',NULL,NULL,NULL,NULL,NULL,NULL,NULL,NULL,NULL,NULL),(161,NULL,'CB-670','CB-670','SOLIDARIDAD','670','X','BASICA ','URBANA',NULL,NULL,NULL,NULL,NULL,NULL,NULL,NULL,NULL,NULL),(162,NULL,'CB-672','CB-672','SOLIDARIDAD','672','X','BASICA ','URBANA',NULL,NULL,NULL,NULL,NULL,NULL,NULL,NULL,NULL,NULL),(163,NULL,'CC1-672','CC1-672','SOLIDARIDAD','672','X','CONTIGUA 1','URBANA',NULL,NULL,NULL,NULL,NULL,NULL,NULL,NULL,NULL,NULL),(164,NULL,'CB-673','CB-673','SOLIDARIDAD','673','X','BASICA ','URBANA',NULL,NULL,NULL,NULL,NULL,NULL,NULL,NULL,NULL,NULL),(165,NULL,'CC1-673','CC1-673','SOLIDARIDAD','673','X','CONTIGUA 1','URBANA',NULL,NULL,NULL,NULL,NULL,NULL,NULL,NULL,NULL,NULL),(166,NULL,'CB-675','CB-675','SOLIDARIDAD','675','X','BASICA ','URBANA',NULL,NULL,NULL,NULL,NULL,NULL,NULL,NULL,NULL,NULL),(167,NULL,'CC1-675','CC1-675','SOLIDARIDAD','675','X','CONTIGUA 1','URBANA',NULL,NULL,NULL,NULL,NULL,NULL,NULL,NULL,NULL,NULL),(168,NULL,'CC2-675','CC2-675','SOLIDARIDAD','675','X','CONTIGUA 2','URBANA',NULL,NULL,NULL,NULL,NULL,NULL,NULL,NULL,NULL,NULL),(169,NULL,'CB-676','CB-676','SOLIDARIDAD','676','X','BASICA ','URBANA',NULL,NULL,NULL,NULL,NULL,NULL,NULL,NULL,NULL,NULL),(170,NULL,'CC1-676','CC1-676','SOLIDARIDAD','676','X','CONTIGUA 1','URBANA',NULL,NULL,NULL,NULL,NULL,NULL,NULL,NULL,NULL,NULL),(171,NULL,'CB-674','CB-674','SOLIDARIDAD','674','X','BASICA ','NO URBANA',NULL,NULL,NULL,NULL,NULL,NULL,NULL,NULL,NULL,NULL),(172,NULL,'CC1-674','CC1-674','SOLIDARIDAD','674','X','CONTIGUA 1','NO URBANA',NULL,NULL,NULL,NULL,NULL,NULL,NULL,NULL,NULL,NULL),(173,NULL,'CC2-674','CC2-674','SOLIDARIDAD','674','X','CONTIGUA 2','NO URBANA',NULL,NULL,NULL,NULL,NULL,NULL,NULL,NULL,NULL,NULL),(174,NULL,'CB-682','CB-682','SOLIDARIDAD','682','X','BASICA ','URBANA',NULL,NULL,NULL,NULL,NULL,NULL,NULL,NULL,NULL,NULL),(175,NULL,'CC1-682','CC1-682','SOLIDARIDAD','682','X','CONTIGUA 1','URBANA',NULL,NULL,NULL,NULL,NULL,NULL,NULL,NULL,NULL,NULL),(176,NULL,'CB-683','CB-683','SOLIDARIDAD','683','X','BASICA ','URBANA',NULL,NULL,NULL,NULL,NULL,NULL,NULL,NULL,NULL,NULL),(177,NULL,'CC1-683','CC1-683','SOLIDARIDAD','683','X','CONTIGUA 1','URBANA',NULL,NULL,NULL,NULL,NULL,NULL,NULL,NULL,NULL,NULL),(178,NULL,'CB-684','CB-684','SOLIDARIDAD','684','X','BASICA ','URBANA',NULL,NULL,NULL,NULL,NULL,NULL,NULL,NULL,NULL,NULL),(179,NULL,'CB-685','CB-685','SOLIDARIDAD','685','X','BASICA ','URBANA',NULL,NULL,NULL,NULL,NULL,NULL,NULL,NULL,NULL,NULL),(180,NULL,'CC1-685','CC1-685','SOLIDARIDAD','685','X','CONTIGUA 1','URBANA',NULL,NULL,NULL,NULL,NULL,NULL,NULL,NULL,NULL,NULL),(181,NULL,'CB-680','CB-680','SOLIDARIDAD','680','X','BASICA ','URBANA',NULL,NULL,NULL,NULL,NULL,NULL,NULL,NULL,NULL,NULL),(182,NULL,'CC1-680','CC1-680','SOLIDARIDAD','680','X','CONTIGUA 1','URBANA',NULL,NULL,NULL,NULL,NULL,NULL,NULL,NULL,NULL,NULL),(183,NULL,'CC2-680','CC2-680','SOLIDARIDAD','680','X','CONTIGUA 2','URBANA',NULL,NULL,NULL,NULL,NULL,NULL,NULL,NULL,NULL,NULL),(184,NULL,'CC3-680','CC3-680','SOLIDARIDAD','680','X','CONTIGUA 3','URBANA',NULL,NULL,NULL,NULL,NULL,NULL,NULL,NULL,NULL,NULL),(185,NULL,'CC4-680','CC4-680','SOLIDARIDAD','680','X','CONTIGUA 4','URBANA',NULL,NULL,NULL,NULL,NULL,NULL,NULL,NULL,NULL,NULL),(186,NULL,'CB-681','CB-681','SOLIDARIDAD','681','X','BASICA ','URBANA',NULL,NULL,NULL,NULL,NULL,NULL,NULL,NULL,NULL,NULL),(187,NULL,'CC1-681','CC1-681','SOLIDARIDAD','681','X','CONTIGUA 1','URBANA',NULL,NULL,NULL,NULL,NULL,NULL,NULL,NULL,NULL,NULL),(188,NULL,'CC2-681','CC2-681','SOLIDARIDAD','681','X','CONTIGUA 2','URBANA',NULL,NULL,NULL,NULL,NULL,NULL,NULL,NULL,NULL,NULL),(189,NULL,'CC3-681','CC3-681','SOLIDARIDAD','681','X','CONTIGUA 3','URBANA',NULL,NULL,NULL,NULL,NULL,NULL,NULL,NULL,NULL,NULL),(190,NULL,'CC4-681','CC4-681','SOLIDARIDAD','681','X','CONTIGUA 4','URBANA',NULL,NULL,NULL,NULL,NULL,NULL,NULL,NULL,NULL,NULL),(191,NULL,'CB-686','CB-686','SOLIDARIDAD','686','X','BASICA ','URBANA',NULL,NULL,NULL,NULL,NULL,NULL,NULL,NULL,NULL,NULL),(192,NULL,'CC1-686','CC1-686','SOLIDARIDAD','686','X','CONTIGUA 1','URBANA',NULL,NULL,NULL,NULL,NULL,NULL,NULL,NULL,NULL,NULL),(193,NULL,'CB-687','CB-687','SOLIDARIDAD','687','X','BASICA ','URBANA',NULL,NULL,NULL,NULL,NULL,NULL,NULL,NULL,NULL,NULL),(194,NULL,'CC1-687','CC1-687','SOLIDARIDAD','687','X','CONTIGUA 1','URBANA',NULL,NULL,NULL,NULL,NULL,NULL,NULL,NULL,NULL,NULL),(195,NULL,'CB-692','CB-692','SOLIDARIDAD','692','X','BASICA ','URBANA',NULL,NULL,NULL,NULL,NULL,NULL,NULL,NULL,NULL,NULL),(196,NULL,'CC1-692','CC1-692','SOLIDARIDAD','692','X','CONTIGUA 1','URBANA',NULL,NULL,NULL,NULL,NULL,NULL,NULL,NULL,NULL,NULL),(197,NULL,'CB-693','CB-693','SOLIDARIDAD','693','X','BASICA ','URBANA',NULL,NULL,NULL,NULL,NULL,NULL,NULL,NULL,NULL,NULL),(198,NULL,'CC1-693','CC1-693','SOLIDARIDAD','693','X','CONTIGUA 1','URBANA',NULL,NULL,NULL,NULL,NULL,NULL,NULL,NULL,NULL,NULL),(199,NULL,'CB-710','CB-710','SOLIDARIDAD','710','X','BASICA ','URBANA',NULL,NULL,NULL,NULL,NULL,NULL,NULL,NULL,NULL,NULL),(200,NULL,'CC1-710','CC1-710','SOLIDARIDAD','710','X','CONTIGUA 1','URBANA',NULL,NULL,NULL,NULL,NULL,NULL,NULL,NULL,NULL,NULL),(201,NULL,'CB-688','CB-688','SOLIDARIDAD','688','X','BASICA ','URBANA',NULL,NULL,NULL,NULL,NULL,NULL,NULL,NULL,NULL,NULL),(202,NULL,'CC1-688','CC1-688','SOLIDARIDAD','688','X','CONTIGUA 1','URBANA',NULL,NULL,NULL,NULL,NULL,NULL,NULL,NULL,NULL,NULL),(203,NULL,'CB-689','CB-689','SOLIDARIDAD','689','X','BASICA ','URBANA',NULL,NULL,NULL,NULL,NULL,NULL,NULL,NULL,NULL,NULL),(204,NULL,'CC1-689','CC1-689','SOLIDARIDAD','689','X','CONTIGUA 1','URBANA',NULL,NULL,NULL,NULL,NULL,NULL,NULL,NULL,NULL,NULL),(205,NULL,'CB-690','CB-690','SOLIDARIDAD','690','X','BASICA ','URBANA',NULL,NULL,NULL,NULL,NULL,NULL,NULL,NULL,NULL,NULL),(206,NULL,'CB-691','CB-691','SOLIDARIDAD','691','X','BASICA ','URBANA',NULL,NULL,NULL,NULL,NULL,NULL,NULL,NULL,NULL,NULL),(207,NULL,'CC1-691','CC1-691','SOLIDARIDAD','691','X','CONTIGUA 1','URBANA',NULL,NULL,NULL,NULL,NULL,NULL,NULL,NULL,NULL,NULL),(208,NULL,'CB-711','CB-711','SOLIDARIDAD','711','X','BASICA ','URBANA',NULL,NULL,NULL,NULL,NULL,NULL,NULL,NULL,NULL,NULL),(209,NULL,'CC1-711','CC1-711','SOLIDARIDAD','711','X','CONTIGUA 1','URBANA',NULL,NULL,NULL,NULL,NULL,NULL,NULL,NULL,NULL,NULL),(210,NULL,'CB-712','CB-712','SOLIDARIDAD','712','X','BASICA ','URBANA',NULL,NULL,NULL,NULL,NULL,NULL,NULL,NULL,NULL,NULL),(211,NULL,'CB-713','CB-713','SOLIDARIDAD','713','X','BASICA ','URBANA',NULL,NULL,NULL,NULL,NULL,NULL,NULL,NULL,NULL,NULL),(212,NULL,'CC1-713','CC1-713','SOLIDARIDAD','713','X','CONTIGUA 1','URBANA',NULL,NULL,NULL,NULL,NULL,NULL,NULL,NULL,NULL,NULL),(213,NULL,'CB-714','CB-714','SOLIDARIDAD','714','X','BASICA ','URBANA',NULL,NULL,NULL,NULL,NULL,NULL,NULL,NULL,NULL,NULL),(214,NULL,'CC1-714','CC1-714','SOLIDARIDAD','714','X','CONTIGUA 1','URBANA',NULL,NULL,NULL,NULL,NULL,NULL,NULL,NULL,NULL,NULL),(215,NULL,'CB-718','CB-718','SOLIDARIDAD','718','X','BASICA ','URBANA',NULL,NULL,NULL,NULL,NULL,NULL,NULL,NULL,NULL,NULL),(216,NULL,'CC1-718','CC1-718','SOLIDARIDAD','718','X','CONTIGUA 1','URBANA',NULL,NULL,NULL,NULL,NULL,NULL,NULL,NULL,NULL,NULL),(217,NULL,'CC2-718','CC2-718','SOLIDARIDAD','718','X','CONTIGUA 2','URBANA',NULL,NULL,NULL,NULL,NULL,NULL,NULL,NULL,NULL,NULL),(218,NULL,'CB-719','CB-719','SOLIDARIDAD','719','X','BASICA ','URBANA',NULL,NULL,NULL,NULL,NULL,NULL,NULL,NULL,NULL,NULL),(219,NULL,'CC1-719','CC1-719','SOLIDARIDAD','719','X','CONTIGUA 1','URBANA',NULL,NULL,NULL,NULL,NULL,NULL,NULL,NULL,NULL,NULL),(220,NULL,'CB-715','CB-715','SOLIDARIDAD','715','X','BASICA ','URBANA',NULL,NULL,NULL,NULL,NULL,NULL,NULL,NULL,NULL,NULL),(221,NULL,'CC1-715','CC1-715','SOLIDARIDAD','715','X','CONTIGUA 1','URBANA',NULL,NULL,NULL,NULL,NULL,NULL,NULL,NULL,NULL,NULL),(222,NULL,'CB-716','CB-716','SOLIDARIDAD','716','X','BASICA ','URBANA',NULL,NULL,NULL,NULL,NULL,NULL,NULL,NULL,NULL,NULL),(223,NULL,'CB-717','CB-717','SOLIDARIDAD','717','X','BASICA ','URBANA',NULL,NULL,NULL,NULL,NULL,NULL,NULL,NULL,NULL,NULL),(224,NULL,'CC1-717','CC1-717','SOLIDARIDAD','717','X','CONTIGUA 1','URBANA',NULL,NULL,NULL,NULL,NULL,NULL,NULL,NULL,NULL,NULL),(225,NULL,'CB-722','CB-722','SOLIDARIDAD','722','X','BASICA ','URBANA',NULL,NULL,NULL,NULL,NULL,NULL,NULL,NULL,NULL,NULL),(226,NULL,'CC1-722','CC1-722','SOLIDARIDAD','722','X','CONTIGUA 1','URBANA',NULL,NULL,NULL,NULL,NULL,NULL,NULL,NULL,NULL,NULL),(227,NULL,'CB-723','CB-723','SOLIDARIDAD','723','X','BASICA ','URBANA',NULL,NULL,NULL,NULL,NULL,NULL,NULL,NULL,NULL,NULL),(228,NULL,'CB-724','CB-724','SOLIDARIDAD','724','X','BASICA ','URBANA',NULL,NULL,NULL,NULL,NULL,NULL,NULL,NULL,NULL,NULL),(229,NULL,'CC1-724','CC1-724','SOLIDARIDAD','724','X','CONTIGUA 1','URBANA',NULL,NULL,NULL,NULL,NULL,NULL,NULL,NULL,NULL,NULL),(230,NULL,'CB-726','CB-726','SOLIDARIDAD','726','X','BASICA ','URBANA',NULL,NULL,NULL,NULL,NULL,NULL,NULL,NULL,NULL,NULL),(231,NULL,'CC1-726','CC1-726','SOLIDARIDAD','726','X','CONTIGUA 1','URBANA',NULL,NULL,NULL,NULL,NULL,NULL,NULL,NULL,NULL,NULL),(232,NULL,'CB-727','CB-727','SOLIDARIDAD','727','X','BASICA ','URBANA',NULL,NULL,NULL,NULL,NULL,NULL,NULL,NULL,NULL,NULL),(233,NULL,'CC1-727','CC1-727','SOLIDARIDAD','727','X','CONTIGUA 1','URBANA',NULL,NULL,NULL,NULL,NULL,NULL,NULL,NULL,NULL,NULL),(234,NULL,'CB-728','CB-728','SOLIDARIDAD','728','X','BASICA ','URBANA',NULL,NULL,NULL,NULL,NULL,NULL,NULL,NULL,NULL,NULL),(235,NULL,'CB-720','CB-720','SOLIDARIDAD','720','X','BASICA ','URBANA',NULL,NULL,NULL,NULL,NULL,NULL,NULL,NULL,NULL,NULL),(236,NULL,'CC1-720','CC1-720','SOLIDARIDAD','720','X','CONTIGUA 1','URBANA',NULL,NULL,NULL,NULL,NULL,NULL,NULL,NULL,NULL,NULL),(237,NULL,'CB-721','CB-721','SOLIDARIDAD','721','X','BASICA ','URBANA',NULL,NULL,NULL,NULL,NULL,NULL,NULL,NULL,NULL,NULL),(238,NULL,'CC1-721','CC1-721','SOLIDARIDAD','721','X','CONTIGUA 1','URBANA',NULL,NULL,NULL,NULL,NULL,NULL,NULL,NULL,NULL,NULL),(239,NULL,'CB-911','CB-911','SOLIDARIDAD','911','X','BASICA ','URBANA',NULL,NULL,NULL,NULL,NULL,NULL,NULL,NULL,NULL,NULL),(240,NULL,'CB-725','CB-725','SOLIDARIDAD','725','X','BASICA ','URBANA',NULL,NULL,NULL,NULL,NULL,NULL,NULL,NULL,NULL,NULL),(241,NULL,'CC1-725','CC1-725','SOLIDARIDAD','725','X','CONTIGUA 1','URBANA',NULL,NULL,NULL,NULL,NULL,NULL,NULL,NULL,NULL,NULL),(242,NULL,'CB-737','CB-737','SOLIDARIDAD','737','X','BASICA ','URBANA',NULL,NULL,NULL,NULL,NULL,NULL,NULL,NULL,NULL,NULL),(243,NULL,'CC1-737','CC1-737','SOLIDARIDAD','737','X','CONTIGUA 1','URBANA',NULL,NULL,NULL,NULL,NULL,NULL,NULL,NULL,NULL,NULL),(244,NULL,'CB-900','CB-900','SOLIDARIDAD','900','X','BASICA ','URBANA',NULL,NULL,NULL,NULL,NULL,NULL,NULL,NULL,NULL,NULL),(245,NULL,'CB-903','CB-903','SOLIDARIDAD','903','X','BASICA ','URBANA',NULL,NULL,NULL,NULL,NULL,NULL,NULL,NULL,NULL,NULL),(246,NULL,'CB-905','CB-905','SOLIDARIDAD','905','X','BASICA ','URBANA',NULL,NULL,NULL,NULL,NULL,NULL,NULL,NULL,NULL,NULL),(247,NULL,'CB-908','CB-908','SOLIDARIDAD','908','X','BASICA ','URBANA',NULL,NULL,NULL,NULL,NULL,NULL,NULL,NULL,NULL,NULL),(248,NULL,'CB-729','CB-729','SOLIDARIDAD','729','X','BASICA ','URBANA',NULL,NULL,NULL,NULL,NULL,NULL,NULL,NULL,NULL,NULL),(249,NULL,'CC1-729','CC1-729','SOLIDARIDAD','729','X','CONTIGUA 1','URBANA',NULL,NULL,NULL,NULL,NULL,NULL,NULL,NULL,NULL,NULL),(250,NULL,'CC2-729','CC2-729','SOLIDARIDAD','729','X','CONTIGUA 2','URBANA',NULL,NULL,NULL,NULL,NULL,NULL,NULL,NULL,NULL,NULL),(251,NULL,'CB-730','CB-730','SOLIDARIDAD','730','X','BASICA ','URBANA',NULL,NULL,NULL,NULL,NULL,NULL,NULL,NULL,NULL,NULL),(252,NULL,'CB-704','CB-704','SOLIDARIDAD','704','X','BASICA ','URBANA',NULL,NULL,NULL,NULL,NULL,NULL,NULL,NULL,NULL,NULL),(253,NULL,'CC1-704','CC1-704','SOLIDARIDAD','704','X','CONTIGUA 1','URBANA',NULL,NULL,NULL,NULL,NULL,NULL,NULL,NULL,NULL,NULL),(254,NULL,'CB-731','CB-731','SOLIDARIDAD','731','X','BASICA ','URBANA',NULL,NULL,NULL,NULL,NULL,NULL,NULL,NULL,NULL,NULL),(255,NULL,'CB-732','CB-732','SOLIDARIDAD','732','X','BASICA ','URBANA',NULL,NULL,NULL,NULL,NULL,NULL,NULL,NULL,NULL,NULL),(256,NULL,'CC1-732','CC1-732','SOLIDARIDAD','732','X','CONTIGUA 1','URBANA',NULL,NULL,NULL,NULL,NULL,NULL,NULL,NULL,NULL,NULL),(257,NULL,'CB-705','CB-705','SOLIDARIDAD','705','X','BASICA ','URBANA',NULL,NULL,NULL,NULL,NULL,NULL,NULL,NULL,NULL,NULL),(258,NULL,'CC1-705','CC1-705','SOLIDARIDAD','705','X','CONTIGUA 1','URBANA',NULL,NULL,NULL,NULL,NULL,NULL,NULL,NULL,NULL,NULL),(259,NULL,'CB-703','CB-703','SOLIDARIDAD','703','X','BASICA ','URBANA',NULL,NULL,NULL,NULL,NULL,NULL,NULL,NULL,NULL,NULL),(260,NULL,'CC1-703','CC1-703','SOLIDARIDAD','703','X','CONTIGUA 1','URBANA',NULL,NULL,NULL,NULL,NULL,NULL,NULL,NULL,NULL,NULL),(261,NULL,'CB-706','CB-706','SOLIDARIDAD','706','X','BASICA ','URBANA',NULL,NULL,NULL,NULL,NULL,NULL,NULL,NULL,NULL,NULL),(262,NULL,'CB-707','CB-707','SOLIDARIDAD','707','X','BASICA ','URBANA',NULL,NULL,NULL,NULL,NULL,NULL,NULL,NULL,NULL,NULL),(263,NULL,'CC1-707','CC1-707','SOLIDARIDAD','707','X','CONTIGUA 1','URBANA',NULL,NULL,NULL,NULL,NULL,NULL,NULL,NULL,NULL,NULL),(264,NULL,'CB-699','CB-699','SOLIDARIDAD','699','X','BASICA ','URBANA',NULL,NULL,NULL,NULL,NULL,NULL,NULL,NULL,NULL,NULL),(265,NULL,'CB-701','CB-701','SOLIDARIDAD','701','X','BASICA ','URBANA',NULL,NULL,NULL,NULL,NULL,NULL,NULL,NULL,NULL,NULL),(266,NULL,'CC1-701','CC1-701','SOLIDARIDAD','701','X','CONTIGUA 1','URBANA',NULL,NULL,NULL,NULL,NULL,NULL,NULL,NULL,NULL,NULL),(267,NULL,'CB-702','CB-702','SOLIDARIDAD','702','X','BASICA ','URBANA',NULL,NULL,NULL,NULL,NULL,NULL,NULL,NULL,NULL,NULL),(268,NULL,'CC1-702','CC1-702','SOLIDARIDAD','702','X','CONTIGUA 1','URBANA',NULL,NULL,NULL,NULL,NULL,NULL,NULL,NULL,NULL,NULL),(269,NULL,'CC2-702','CC2-702','SOLIDARIDAD','702','X','CONTIGUA 2','URBANA',NULL,NULL,NULL,NULL,NULL,NULL,NULL,NULL,NULL,NULL),(270,NULL,'CB-700','CB-700','SOLIDARIDAD','700','X','BASICA ','URBANA',NULL,NULL,NULL,NULL,NULL,NULL,NULL,NULL,NULL,NULL),(271,NULL,'CC1-700','CC1-700','SOLIDARIDAD','700','X','CONTIGUA 1','URBANA',NULL,NULL,NULL,NULL,NULL,NULL,NULL,NULL,NULL,NULL),(272,NULL,'CB-697','CB-697','SOLIDARIDAD','697','X','BASICA ','URBANA',NULL,NULL,NULL,NULL,NULL,NULL,NULL,NULL,NULL,NULL),(273,NULL,'CC1-697','CC1-697','SOLIDARIDAD','697','X','CONTIGUA 1','URBANA',NULL,NULL,NULL,NULL,NULL,NULL,NULL,NULL,NULL,NULL),(274,NULL,'CB-698','CB-698','SOLIDARIDAD','698','X','BASICA ','URBANA',NULL,NULL,NULL,NULL,NULL,NULL,NULL,NULL,NULL,NULL),(275,NULL,'CC1-698','CC1-698','SOLIDARIDAD','698','X','CONTIGUA 1','URBANA',NULL,NULL,NULL,NULL,NULL,NULL,NULL,NULL,NULL,NULL),(276,NULL,'CB-695','CB-695','SOLIDARIDAD','695','X','BASICA ','URBANA',NULL,NULL,NULL,NULL,NULL,NULL,NULL,NULL,NULL,NULL),(277,NULL,'CC1-695','CC1-695','SOLIDARIDAD','695','X','CONTIGUA 1','URBANA',NULL,NULL,NULL,NULL,NULL,NULL,NULL,NULL,NULL,NULL),(278,NULL,'CB-696','CB-696','SOLIDARIDAD','696','X','BASICA ','URBANA',NULL,NULL,NULL,NULL,NULL,NULL,NULL,NULL,NULL,NULL),(279,NULL,'CC1-696','CC1-696','SOLIDARIDAD','696','X','CONTIGUA 1','URBANA',NULL,NULL,NULL,NULL,NULL,NULL,NULL,NULL,NULL,NULL),(280,NULL,'CB-694','CB-694','SOLIDARIDAD','694','X','BASICA ','URBANA',NULL,NULL,NULL,NULL,NULL,NULL,NULL,NULL,NULL,NULL),(281,NULL,'CC1-694','CC1-694','SOLIDARIDAD','694','X','CONTIGUA 1','URBANA',NULL,NULL,NULL,NULL,NULL,NULL,NULL,NULL,NULL,NULL),(282,NULL,'CC2-694','CC2-694','SOLIDARIDAD','694','X','CONTIGUA 2','URBANA',NULL,NULL,NULL,NULL,NULL,NULL,NULL,NULL,NULL,NULL),(283,NULL,'CC3-694','CC3-694','SOLIDARIDAD','694','X','CONTIGUA 3','URBANA',NULL,NULL,NULL,NULL,NULL,NULL,NULL,NULL,NULL,NULL),(284,NULL,'CC4-694','CC4-694','SOLIDARIDAD','694','X','CONTIGUA 4','URBANA',NULL,NULL,NULL,NULL,NULL,NULL,NULL,NULL,NULL,NULL),(285,NULL,'CB-708','CB-708','SOLIDARIDAD','708','X','BASICA ','URBANA',NULL,NULL,NULL,NULL,NULL,NULL,NULL,NULL,NULL,NULL),(286,NULL,'CC1-708','CC1-708','SOLIDARIDAD','708','X','CONTIGUA 1','URBANA',NULL,NULL,NULL,NULL,NULL,NULL,NULL,NULL,NULL,NULL),(287,NULL,'CB-709','CB-709','SOLIDARIDAD','709','X','BASICA ','URBANA',NULL,NULL,NULL,NULL,NULL,NULL,NULL,NULL,NULL,NULL),(288,NULL,'CC1-709','CC1-709','SOLIDARIDAD','709','X','CONTIGUA 1','URBANA',NULL,NULL,NULL,NULL,NULL,NULL,NULL,NULL,NULL,NULL),(289,NULL,'CC2-709','CC2-709','SOLIDARIDAD','709','X','CONTIGUA 2','URBANA',NULL,NULL,NULL,NULL,NULL,NULL,NULL,NULL,NULL,NULL),(290,NULL,'CC1-746','CC1-746','SOLIDARIDAD','746','IX','CONTIGUA 1','URBANA',NULL,NULL,NULL,NULL,NULL,NULL,NULL,NULL,NULL,NULL),(291,NULL,'CB-743','CB-743','SOLIDARIDAD','743','IX','BASICA ','URBANA',NULL,NULL,NULL,NULL,NULL,NULL,NULL,NULL,NULL,NULL);
/*!40000 ALTER TABLE `xmf_casillas` ENABLE KEYS */;
UNLOCK TABLES;

--
-- Temporary table structure for view `xmf_funcionarios_presence_status`
--

DROP TABLE IF EXISTS `xmf_funcionarios_presence_status`;
